Date,Close,Volume,Open,High,Low
2015-01-20,191.93,4490681,193.87,194.12,187.04
2015-01-21,196.57,4144121,189.55,198.68,189.51
2015-01-22,201.62,4103753,197.0,203.24,195.2
2015-01-23,201.29,3441052,200.29,203.5,198.33
2015-01-26,206.55,3231121,201.83,208.62,201.05
2015-01-27,205.98,2777926,204.42,208.03,203.3
2015-01-28,199.37,3139481,206.11,206.37,198.42
2015-01-29,205.2,3542577,201.07,205.98,196.5
2015-01-30,203.6,3001268,203.96,207.47,203.0
2015-02-02,210.94,4143850,203.97,211.95,203.3
2015-02-03,218.36,4815834,213.22,220.37,211.27
2015-02-04,218.55,3304417,218.29,221.48,216.8
2015-02-05,220.99,3518316,219.88,225.48,219.64
2015-02-06,217.36,3235856,222.0,223.4,216.5
2015-02-09,217.48,3469776,215.38,217.93,211.99
2015-02-10,216.29,5348862,217.55,220.5,215.0
2015-02-11,212.8,9053083,212.21,214.74,207.28
2015-02-12,202.88,15626830,193.57,203.09,193.28
2015-02-13,203.77,6148207,202.9,205.99,200.91
2015-02-17,204.35,3964555,205.7,205.7,201.5
2015-02-18,204.46,2710898,204.17,206.17,202.6
2015-02-19,211.71,5137203,205.0,212.44,203.75
2015-02-20,217.11,5978376,210.78,217.6,209.81
2015-02-23,207.34,8487131,215.66,218.2,206.33
2015-02-24,204.11,6587298,207.29,207.29,201.7
2015-02-25,203.76,3907505,204.94,207.14,202.58
2015-02-26,207.19,6468020,204.0,211.09,202.22
2015-02-27,203.34,3871397,206.9,208.55,202.8
2015-03-02,197.33,7910402,202.7,203.34,195.83
2015-03-03,199.56,4430800,196.81,200.24,195.32
2015-03-04,202.44,4215255,199.25,202.52,197.21
2015-03-05,200.63,4870131,202.85,206.19,200.15
2015-03-06,193.88,6705451,199.21,200.75,192.15
2015-03-09,190.88,6732511,194.39,194.49,188.25
2015-03-10,190.32,5539041,188.46,193.5,187.6
2015-03-11,193.74,4968406,191.15,196.18,191.01
2015-03-12,191.07,4139769,193.75,194.45,189.75
2015-03-13,188.68,5421293,188.95,191.75,187.32
2015-03-16,195.7,5617028,192.0,195.91,189.8
2015-03-17,194.73,4890265,195.43,198.71,193.94
2015-03-18,200.71,4796873,194.96,200.88,193.11
2015-03-19,195.65,8468846,202.0,204.59,194.53
2015-03-20,198.08,4250076,197.45,198.99,195.62
2015-03-23,199.63,2622492,198.5,200.5,197.47
2015-03-24,201.72,3640866,201.58,203.79,199.75
2015-03-25,194.3,5721582,198.27,198.59,192.7
2015-03-26,190.41,4120184,193.92,194.79,189.7
2015-03-27,185.0,8596563,189.07,189.29,181.4
2015-03-30,190.57,10062310,185.85,192.25,181.8
2015-03-31,188.77,5017950,193.53,193.76,188.41
2015-04-01,187.59,3791479,188.7,192.3,186.05
2015-04-02,191.0,5004742,190.23,193.23,190.0
2015-04-06,203.1,12422770,198.0,207.75,197.5
2015-04-07,203.25,4340295,202.51,205.06,201.14
2015-04-08,207.67,6279713,208.2,210.9,205.87
2015-04-09,210.09,3779853,208.43,210.37,206.12
2015-04-10,210.9,4020850,209.85,211.65,209.0
2015-04-13,209.78,3757220,210.44,213.0,209.05
2015-04-14,207.46,3019087,208.57,209.49,205.5
2015-04-15,207.83,1943802,207.46,209.59,206.6
2015-04-16,206.7,1657018,207.7,209.17,206.29
2015-04-17,206.79,2465551,204.99,206.88,203.5
2015-04-20,205.27,2558913,206.78,207.85,203.85
2015-04-21,209.41,3416177,205.8,210.75,204.31
2015-04-22,219.44,7855513,212.5,221.88,211.69
2015-04-23,218.6,4408384,218.27,221.48,217.15
2015-04-24,218.43,2426356,220.5,220.8,218.01
2015-04-27,231.55,11659100,222.56,238.75,222.0
2015-04-28,230.48,6080178,234.75,235.5,228.03
2015-04-29,232.45,3931287,230.05,234.97,227.63
2015-04-30,226.05,3892230,230.39,232.89,225.17
2015-05-01,226.03,5276924,229.94,231.77,220.41
2015-05-04,230.51,4427259,228.18,234.73,227.11
2015-05-05,232.95,5782731,237.76,239.5,229.13
2015-05-06,230.43,5083776,234.1,234.47,228.2
2015-05-07,236.8,9439902,221.0,237.48,220.25
2015-05-08,236.61,4665445,235.99,238.41,233.7
2015-05-11,239.49,5663800,236.29,242.88,235.31
2015-05-12,244.74,6345797,240.11,246.35,238.19
2015-05-13,243.18,5432689,247.61,248.3,242.25
2015-05-14,244.1,2847083,244.82,244.89,241.25
2015-05-15,248.84,4519337,243.93,249.4,242.5
2015-05-18,248.75,3349931,247.0,249.9,246.0
2015-05-19,247.14,3668199,248.43,251.0,246.15
2015-05-20,244.35,3749479,247.13,247.74,241.37
2015-05-21,245.62,1966567,243.03,246.62,242.36
2015-05-22,247.73,2219309,245.38,248.6,245.01
2015-05-26,247.46,3490996,247.68,252.0,246.5
2015-05-27,247.43,3403988,248.51,249.5,245.55
2015-05-28,251.45,3646063,247.03,251.8,245.05
2015-05-29,250.8,3785112,251.0,252.87,249.43
2015-06-01,249.45,2502238,251.41,251.6,247.47
2015-06-02,248.35,2129438,248.92,249.4,246.3
2015-06-03,248.99,1778102,248.2,250.72,247.01
2015-06-04,245.92,2425588,247.5,249.3,245.71
2015-06-05,249.14,3019837,246.0,249.7,245.68
2015-06-08,256.29,5006944,250.85,258.75,250.31
2015-06-09,256.0,2596059,255.4,257.74,254.14
2015-06-10,250.7,3452631,251.9,254.0,248.5
2015-06-11,251.41,2040973,253.26,254.37,250.43
2015-06-12,250.69,1418457,250.21,253.46,250.21
2015-06-15,250.38,2182932,249.7,251.28,246.01
2015-06-16,253.12,1980918,250.13,253.44,249.1
2015-06-17,260.41,5500560,252.17,264.36,252.02
2015-06-18,261.89,2781441,262.0,263.46,260.02
2015-06-19,262.51,2458900,262.4,263.8,260.1
2015-06-22,259.79,4559072,262.15,264.4,255.69
2015-06-23,267.67,3864602,260.32,268.0,258.57
2015-06-24,265.17,2411492,266.98,267.35,263.72
2015-06-25,268.79,2844993,266.45,271.41,265.25
2015-06-26,267.09,3829660,268.89,269.11,266.0
2015-06-29,262.02,3471452,261.95,265.95,260.7
2015-06-30,268.26,3084435,264.8,270.92,264.0
2015-07-01,269.15,2100019,271.11,272.62,267.85
2015-07-02,280.02,7155585,280.2,282.45,273.31
2015-07-06,279.72,4109259,278.88,281.69,276.3
2015-07-07,267.88,6096385,275.0,275.2,260.77
2015-07-08,254.96,6212610,259.32,260.8,254.31
2015-07-09,257.92,3329764,259.08,262.95,256.79
2015-07-10,259.15,2605215,262.22,263.0,257.82
2015-07-13,262.16,2951397,262.25,262.55,256.05
2015-07-14,265.65,1905569,262.1,265.99,260.51
2015-07-15,263.14,2006860,266.74,267.49,262.08
2015-07-16,266.68,1598253,264.22,267.2,263.16
2015-07-17,274.66,4996689,272.5,275.54,268.25
2015-07-20,282.26,4969754,275.0,286.65,272.54
2015-07-21,266.77,6091632,270.05,273.5,266.55
2015-07-22,267.87,3097326,261.27,269.44,260.86
2015-07-23,267.2,2222481,269.65,269.9,265.27
2015-07-24,265.41,2834521,267.38,271.09,263.92
2015-07-27,253.01,4688874,262.43,264.43,250.79
2015-07-28,264.82,3879330,255.75,265.4,251.84
2015-07-29,263.82,2782886,264.27,267.89,262.0
2015-07-30,266.79,2030605,262.69,266.94,262.11
2015-07-31,266.15,2218004,267.6,269.36,265.12
2015-08-03,259.99,2547164,266.29,266.71,257.07
2015-08-04,266.28,2336152,260.01,266.72,258.34
2015-08-05,270.13,5969245,263.58,271.0,260.4
2015-08-06,246.13,14617820,249.54,255.0,236.12
2015-08-07,242.51,5069602,243.58,243.73,238.39
2015-08-10,241.14,4179307,238.15,242.97,236.05
2015-08-11,237.37,4260892,237.15,239.3,234.44
2015-08-12,238.17,3730138,235.0,239.77,232.74
2015-08-13,242.51,4683330,239.86,246.48,239.12
2015-08-14,243.15,4360693,247.24,247.93,241.77
2015-08-17,254.99,7168396,255.56,256.59,250.51
2015-08-18,260.72,4186051,255.38,260.95,253.56
2015-08-19,255.25,3598937,260.33,260.65,255.02
2015-08-20,242.18,4892170,252.06,254.56,241.9
2015-08-21,230.77,6578435,236.0,243.8,230.51
2015-08-24,218.87,9562484,202.79,231.4,195.0
2015-08-25,220.03,4313679,230.52,230.9,219.12
2015-08-26,224.84,4951300,227.93,228.0,215.51
2015-08-27,242.99,7645773,231.0,244.75,230.81
2015-08-28,248.48,5507336,241.86,251.45,241.57
2015-08-31,249.06,4688373,245.62,254.95,245.51
2015-09-01,238.63,5443901,240.34,246.0,236.97
2015-09-02,247.69,4590857,245.3,247.88,239.78
2015-09-03,245.57,4184808,252.06,252.08,245.0
2015-09-04,241.93,3687456,240.89,244.09,238.2
2015-09-08,248.17,3129871,245.05,249.16,244.05
2015-09-09,248.91,3384981,252.05,254.25,248.3
2015-09-10,248.48,2706874,247.23,250.72,245.33
2015-09-11,250.24,2346802,247.64,250.24,244.73
2015-09-14,253.19,2885610,251.1,254.25,249.67
2015-09-15,253.57,2931607,252.75,254.6,249.5
2015-09-16,262.25,4405706,253.04,262.88,252.88
2015-09-17,262.07,3575221,263.96,265.5,260.69
2015-09-18,260.62,3760644,257.96,263.82,257.5
2015-09-21,264.2,6114615,263.98,271.57,255.8
2015-09-22,260.94,3660643,259.03,262.65,255.87
2015-09-23,261.06,2597170,261.95,262.08,257.58
2015-09-24,263.12,3442668,259.53,263.45,256.21
2015-09-25,256.91,3771395,266.61,266.91,256.15
2015-09-28,248.43,4893113,257.35,259.79,246.61
2015-09-29,246.65,3695972,250.46,254.73,245.46
2015-09-30,248.4,4925751,252.0,252.4,242.34
2015-10-01,239.88,4568261,247.51,248.5,237.13
2015-10-02,247.57,4407615,235.6,247.7,234.93
2015-10-05,246.15,3684490,248.84,249.84,244.13
2015-10-06,241.46,5234679,240.0,243.03,235.58
2015-10-07,231.96,6804433,236.63,237.7,229.12
2015-10-08,226.72,6125994,230.08,230.72,221.31
2015-10-09,220.69,6153754,220.93,224.37,218.36
2015-10-12,215.58,3816171,222.99,223.0,215.27
2015-10-13,219.25,5168162,213.28,222.52,211.13
2015-10-14,216.88,3094436,220.67,220.95,215.43
2015-10-15,221.31,2835920,216.43,221.73,213.7
2015-10-16,227.01,4327574,223.04,230.48,222.87
2015-10-19,228.1,2506836,226.5,231.15,224.94
2015-10-20,213.03,14877020,227.72,228.6,202.0
2015-10-21,210.09,4177956,211.99,214.81,208.8
2015-10-22,211.72,2818801,211.56,215.75,209.4
2015-10-23,209.09,4226411,215.0,215.35,207.69
2015-10-26,215.26,3388227,211.38,215.88,210.0
2015-10-27,210.35,3512832,214.84,217.1,207.51
2015-10-28,212.96,2726880,211.31,213.45,208.3
2015-10-29,211.63,1794743,211.75,213.75,210.64
2015-10-30,206.93,4432433,210.4,211.63,203.89
2015-11-02,213.79,3924514,208.92,215.8,207.22
2015-11-03,208.35,8065091,213.85,214.44,207.75
2015-11-04,231.63,12713530,227.0,232.74,225.2
2015-11-05,231.77,4494944,230.58,234.58,229.19
2015-11-06,232.36,2444264,230.7,233.36,229.5
2015-11-09,225.33,3846179,232.99,232.99,224.31
2015-11-10,216.5,4612408,223.48,223.7,216.08
2015-11-11,219.08,3337501,217.77,219.48,213.63
2015-11-12,212.94,2913511,217.85,219.0,212.66
2015-11-13,207.19,3423139,212.95,212.99,206.52
2015-11-16,214.31,2920362,206.09,214.98,205.8
2015-11-17,214.0,2148326,215.2,216.0,211.4
2015-11-18,221.07,2810200,214.5,221.38,212.52
2015-11-19,221.8,2499593,220.54,226.19,220.3
2015-11-20,220.01,4394199,223.49,225.0,213.58
2015-11-23,217.75,2525196,217.35,219.18,214.68
2015-11-24,218.25,2478389,215.37,221.0,215.0
2015-11-25,229.64,3986945,221.34,230.83,220.38
2015-11-27,231.61,1949353,231.06,232.25,227.01
2015-11-30,230.26,2591205,231.79,234.28,229.08
2015-12-01,237.19,3728562,231.06,238.0,231.05
2015-12-02,231.99,2980644,237.0,238.6,231.23
2015-12-03,232.71,2937233,235.48,237.45,230.0
2015-12-04,230.38,2572014,232.46,233.27,227.66
2015-12-07,231.13,3140864,227.7,235.63,226.15
2015-12-08,226.72,2682259,227.52,228.8,224.2
2015-12-09,224.52,3057036,226.7,227.5,220.72
2015-12-10,227.07,2070088,224.71,228.49,223.64
2015-12-11,217.02,3259114,225.24,225.75,216.64
2015-12-14,218.58,2827797,217.51,220.92,214.87
2015-12-15,221.09,2241686,221.82,222.22,218.0
2015-12-16,234.51,5100443,222.1,234.88,220.73
2015-12-17,233.39,3294460,233.94,237.76,229.81
2015-12-18,230.46,3008057,232.89,235.9,229.29
2015-12-21,232.56,1951581,231.69,235.83,231.08
2015-12-22,229.95,1958836,234.99,236.55,229.63
2015-12-23,229.7,1551031,232.18,233.45,228.13
2015-12-24,230.57,710277,230.56,231.88,228.28
2015-12-28,228.95,1900171,231.49,231.98,225.54
2015-12-29,237.19,2402438,230.06,237.72,229.55
2015-12-30,238.09,3694448,236.6,243.63,235.67
2015-12-31,240.01,2713817,238.51,243.45,238.37
2016-01-04,223.41,6823510,230.72,231.38,219.0
2016-01-05,223.43,3185525,226.36,226.89,220.0
2016-01-06,219.04,3774353,220.0,220.05,215.98
2016-01-07,215.65,3550704,214.19,218.44,213.67
2016-01-08,211.0,3572360,217.86,220.44,210.77
2016-01-11,207.85,4090843,214.01,214.45,203.0
2016-01-12,209.97,3079051,211.6,213.74,205.31
2016-01-13,200.31,4120993,212.01,212.65,200.0
2016-01-14,206.18,6490579,202.21,210.0,193.38
2016-01-15,204.99,5325773,198.97,205.07,197.25
2016-01-19,204.72,4031271,208.71,210.47,200.78
2016-01-20,198.7,5826110,199.4,201.28,191.25
2016-01-21,199.97,3164424,201.55,203.23,195.02
2016-01-22,202.55,3122066,204.8,205.5,199.03
2016-01-25,196.38,2695408,200.06,203.57,195.88
2016-01-26,193.56,4956918,196.7,197.82,188.88
2016-01-27,188.07,3577353,192.38,193.26,185.77
2016-01-28,189.7,4586328,190.79,191.28,182.41
2016-01-29,191.2,2848929,189.95,193.74,188.08
2016-02-01,196.94,5295685,188.76,199.52,182.75
2016-02-02,182.78,5764817,192.42,193.12,180.23
2016-02-03,173.48,7927640,183.59,183.94,170.18
2016-02-04,175.33,4379442,170.7,175.98,166.99
2016-02-05,162.6,9434495,171.3,173.0,157.74
2016-02-08,147.99,9306754,157.11,157.15,146.0
2016-02-09,148.25,8639661,142.32,159.79,141.05
2016-02-10,143.67,10104690,150.5,154.97,141.74
2016-02-11,150.47,14236900,152.0,163.26,147.0
2016-02-12,151.04,7233264,155.0,157.01,143.7
2016-02-16,155.17,5561638,158.7,162.95,154.11
2016-02-17,168.68,5820264,159.0,169.34,156.68
2016-02-18,166.77,3883107,172.42,172.95,164.77
2016-02-19,166.58,2955832,163.66,167.49,162.5
2016-02-22,177.74,5055340,170.12,178.91,169.85
2016-02-23,177.21,5982993,176.16,181.73,173.68
2016-02-24,179.0,5385369,172.75,179.5,167.84
2016-02-25,187.43,5727008,178.65,188.52,175.2
2016-02-26,190.34,6054061,188.7,192.0,185.0
2016-02-29,191.93,4495402,192.4,196.35,189.22
2016-03-01,186.35,6695704,194.25,195.95,182.7
2016-03-02,188.34,4858631,183.73,188.52,181.5
2016-03-03,195.74,4822993,188.28,197.42,184.22
2016-03-04,201.04,6479858,198.0,204.03,197.5
2016-03-07,205.29,5331097,197.68,209.7,197.4
2016-03-08,202.6,4175498,203.5,207.5,202.2
2016-03-09,208.72,3207597,204.52,209.37,202.79
2016-03-10,205.18,5191602,210.0,213.29,200.67
2016-03-11,207.5,3339148,207.93,209.42,205.33
2016-03-14,215.15,4062304,212.65,216.72,210.64
2016-03-15,218.34,3133230,214.27,218.97,211.5
2016-03-16,221.93,3511873,218.0,222.58,217.02
2016-03-17,226.38,3769083,221.47,228.5,220.0
2016-03-18,232.74,4704761,229.1,234.48,228.06
2016-03-21,238.32,5289014,235.34,239.88,235.0
2016-03-22,234.24,4303052,237.21,238.99,232.56
2016-03-23,222.58,4936203,232.37,234.73,222.03
2016-03-24,227.75,4956604,215.78,228.89,215.0
2016-03-28,230.26,3878599,231.61,234.81,225.0
2016-03-29,230.13,4006037,229.89,232.38,225.33
2016-03-30,226.89,4025670,235.09,235.5,226.5
2016-03-31,229.77,7975638,229.34,237.42,225.01
2016-04-01,237.59,15979910,244.83,247.9,233.25
2016-04-04,246.99,13381160,249.12,252.12,243.64
2016-04-05,255.47,9931470,240.5,256.56,240.0
2016-04-06,265.42,11695760,253.97,267.74,253.45
2016-04-07,257.2,8845567,266.45,269.34,254.51
2016-04-08,250.07,7352707,260.5,260.82,248.02
2016-04-11,249.92,9156404,251.0,258.99,245.3
2016-04-12,247.82,5755351,249.5,251.8,243.63
2016-04-13,254.53,4921554,248.51,255.5,247.33
2016-04-14,251.86,4129258,253.0,256.84,251.05
2016-04-15,254.51,3748593,251.31,254.6,249.12
2016-04-18,253.88,4263246,252.23,258.31,251.66
2016-04-19,247.37,6351360,253.12,254.37,241.25
2016-04-20,249.97,5192343,246.26,253.66,241.5
2016-04-21,248.29,2777079,248.99,250.9,246.91
2016-04-22,253.75,3783126,248.89,254.0,245.71
2016-04-25,251.82,3665088,253.01,257.38,250.76
2016-04-26,253.74,3217779,252.05,255.73,249.39
2016-04-27,251.47,3198105,252.75,255.0,249.4
2016-04-28,247.71,2515595,249.85,253.43,247.44
2016-04-29,240.76,5405164,248.14,248.43,237.81
2016-05-02,241.8,3838958,241.5,243.19,234.82
2016-05-03,232.32,4296325,237.36,238.91,231.62
2016-05-04,222.56,8550004,230.29,234.46,220.4
2016-05-05,211.53,11248340,228.46,228.64,209.79
2016-05-06,214.93,5683675,210.87,216.37,208.11
2016-05-09,208.92,4772992,215.72,216.15,206.8
2016-05-10,208.69,4068053,207.55,209.47,205.0
2016-05-11,208.96,5159640,207.59,215.48,206.05
2016-05-12,207.28,3650075,211.44,211.67,203.66
2016-05-13,207.61,2820616,207.78,211.2,206.7
2016-05-16,208.29,2945754,208.15,213.15,207.92
2016-05-17,204.66,2842028,209.05,209.82,204.02
2016-05-18,211.17,5552692,209.15,215.31,207.75
2016-05-19,215.21,6817922,213.62,216.79,207.3
2016-05-20,220.28,8996546,216.99,220.55,216.35
2016-05-23,216.22,5096751,219.87,222.6,215.86
2016-05-24,217.91,3009327,216.6,218.74,215.18
2016-05-25,219.58,3131279,217.91,221.36,216.51
2016-05-26,225.12,4066512,220.5,225.26,219.05
2016-05-27,223.04,3645792,224.99,225.93,220.75
2016-05-31,223.23,2786682,223.04,224.75,221.5
2016-06-01,219.56,2982270,221.48,222.4,216.89
2016-06-02,218.96,2017279,219.59,219.91,217.11
2016-06-03,218.99,2226110,220.0,221.94,218.01
2016-06-06,220.68,2242634,218.0,220.9,215.45
2016-06-07,232.34,6194154,222.24,234.44,221.52
2016-06-08,235.52,5965110,233.8,240.85,232.61
2016-06-09,229.36,4454222,234.98,235.33,227.06
2016-06-10,218.79,5994548,227.39,227.97,218.42
2016-06-13,217.87,4187833,219.5,225.77,217.66
2016-06-14,214.96,3575822,218.88,222.2,212.53
2016-06-15,217.7,2905002,216.95,221.9,215.13
2016-06-16,217.93,2438692,217.42,218.04,213.5
2016-06-17,215.47,3107734,217.81,219.99,214.5
2016-06-20,219.7,3549768,219.5,223.75,218.23
2016-06-21,219.61,2855619,220.68,222.57,218.81
2016-06-22,196.66,23706100,199.47,205.95,195.75
2016-06-23,196.4,10098190,195.69,197.55,192.13
2016-06-24,193.15,6988949,190.05,195.12,189.73
2016-06-27,198.55,7211823,190.86,198.81,187.87
2016-06-28,201.79,6158996,201.89,204.05,199.41
2016-06-29,210.19,5987120,205.13,211.78,203.0
2016-06-30,212.28,4794440,212.97,213.5,209.02
2016-07-01,216.5,5396030,206.14,218.24,206.0
2016-07-05,213.98,5169832,209.73,214.54,208.0
2016-07-06,214.44,4910285,210.0,215.23,209.0
2016-07-07,215.94,3603385,213.1,218.12,213.01
2016-07-08,216.78,4067131,217.8,219.81,214.5
2016-07-11,224.78,5369066,219.96,226.78,219.51
2016-07-12,224.65,4573875,224.1,227.5,223.22
2016-07-13,222.53,3540699,225.5,225.59,220.29
2016-07-14,221.53,2657899,223.12,224.94,221.05
2016-07-15,220.4,2230821,222.52,222.75,219.64
2016-07-18,226.25,3394588,219.64,227.09,218.3
2016-07-19,225.26,3047535,225.0,229.1,224.75
2016-07-20,228.36,2556119,226.47,229.8,225.0
2016-07-21,220.5,4425756,226.0,227.85,219.1
2016-07-22,222.27,2570462,221.99,224.5,218.88
2016-07-25,230.01,4479483,222.27,231.39,221.37
2016-07-26,229.51,3427251,227.69,230.0,225.3
2016-07-27,228.49,2887028,229.34,233.36,226.92
2016-07-28,230.61,2415462,227.95,230.76,226.6
2016-07-29,234.79,3061574,230.7,235.28,230.24
2016-08-01,230.01,4014048,235.5,236.63,229.38
2016-08-02,227.2,3928706,229.37,229.87,221.4
2016-08-03,225.79,3808747,227.37,229.7,224.21
2016-08-04,230.61,4142155,225.69,230.86,222.05
2016-08-05,230.03,3190342,230.0,232.0,227.4
2016-08-08,226.16,2259465,228.0,229.6,226.09
2016-08-09,229.08,2199766,226.82,231.54,226.65
2016-08-10,225.65,2336496,228.24,229.87,224.62
2016-08-11,224.91,1876959,226.17,227.57,223.41
2016-08-12,225.61,1811850,225.41,226.65,224.04
2016-08-15,225.59,2017964,226.02,229.5,224.93
2016-08-16,223.61,2251115,225.49,227.19,223.41
2016-08-17,223.24,1786408,224.33,224.83,222.8
2016-08-18,223.51,1699300,223.82,225.66,222.29
2016-08-19,225.0,1658616,223.54,225.17,222.53
2016-08-22,222.93,2061692,224.17,225.11,222.68
2016-08-23,224.84,4747745,224.32,228.49,222.8
2016-08-24,222.62,2566947,227.05,227.15,222.22
2016-08-25,220.96,1760212,223.11,223.8,220.77
2016-08-26,219.99,2238087,222.14,222.86,218.82
2016-08-29,215.2,3261381,220.15,220.4,215.0
2016-08-30,211.34,3164222,216.11,216.11,210.52
2016-08-31,212.01,3274854,210.43,212.6,208.65
2016-09-01,200.77,7932444,209.01,211.1,200.5
2016-09-02,197.78,5970154,202.33,203.2,196.2
2016-09-06,202.83,4386193,199.02,203.25,199.0
2016-09-07,201.71,3637918,205.5,206.5,200.71
2016-09-08,197.36,3372293,199.55,199.89,196.36
2016-09-09,194.47,3753734,199.09,199.92,193.7
2016-09-12,198.3,3714049,195.0,201.37,194.1
2016-09-13,196.05,3583140,197.06,198.49,193.45
2016-09-14,196.41,2256143,195.75,197.92,194.86
2016-09-15,200.42,3082942,196.49,202.52,196.4
2016-09-16,205.4,3104266,200.42,205.7,199.0
2016-09-19,206.34,2298318,207.0,209.43,205.0
2016-09-20,204.64,2408556,206.85,207.75,203.91
2016-09-21,205.22,2631285,206.37,207.0,201.56
2016-09-22,206.43,2381600,206.4,207.28,203.0
2016-09-23,207.45,2904125,205.99,210.18,205.67
2016-09-26,208.99,2393373,206.5,211.0,206.5
2016-09-27,205.81,3367907,209.65,209.98,204.61
2016-09-28,206.27,2079324,207.51,208.25,205.26
2016-09-29,200.7,2714040,205.6,207.33,200.58
2016-09-30,204.03,2581730,202.21,204.98,199.55
2016-10-03,213.7,5989342,212.3,215.67,208.25
2016-10-04,211.41,3537953,213.1,213.32,208.82
2016-10-05,208.46,1872456,212.24,213.15,208.12
2016-10-06,201.0,4697937,202.46,204.21,200.21
2016-10-07,196.61,3489480,201.0,201.32,195.8
2016-10-10,200.95,3311340,201.35,204.14,199.66
2016-10-11,200.1,2326754,201.85,202.2,198.31
2016-10-12,201.51,1969099,200.95,203.88,200.42
2016-10-13,200.24,2495140,200.5,200.9,197.05
2016-10-14,196.51,4265471,200.66,201.43,196.3
2016-10-17,193.96,4518331,197.05,198.39,192.0
2016-10-18,199.1,5676046,195.99,199.47,193.26
2016-10-19,203.56,6966185,199.74,206.66,198.06
2016-10-20,199.1,5069410,202.12,203.0,197.05
2016-10-21,200.09,2936908,198.6,201.57,197.41
2016-10-24,202.76,2747344,201.0,203.95,200.25
2016-10-25,202.34,2442118,202.9,204.69,201.2
2016-10-26,202.24,5346893,201.0,203.19,200.1
2016-10-27,204.01,13070990,211.34,213.7,201.65
2016-10-28,199.97,4273456,204.0,205.32,199.83
2016-10-31,197.73,4691320,202.49,202.49,195.81
2016-11-01,190.79,7023674,198.04,198.5,188.11
2016-11-02,188.02,4242250,190.05,192.7,187.51
2016-11-03,187.42,2644550,189.0,191.47,187.04
2016-11-04,190.56,5143915,189.0,193.46,185.96
2016-11-07,193.21,3857682,193.59,194.29,190.05
2016-11-08,194.94,3252927,193.79,197.49,191.26
2016-11-09,190.06,8166447,186.88,192.0,183.95
2016-11-10,185.35,6746290,191.05,191.61,180.42
2016-11-11,188.56,3987091,184.24,188.88,183.0
2016-11-14,181.45,6547913,188.0,188.25,178.19
2016-11-15,183.77,3899743,182.78,186.43,182.05
2016-11-16,183.93,3432668,182.65,184.73,181.21
2016-11-17,188.66,4880969,183.49,189.49,182.11
2016-11-18,185.02,5206473,190.65,193.0,185.0
2016-11-21,184.52,4355872,185.04,188.89,184.41
2016-11-22,191.17,5601238,185.84,191.47,183.71
2016-11-23,193.14,4890285,190.61,195.64,189.0
2016-11-25,196.65,2366098,193.64,197.24,193.64
2016-11-28,196.12,4521082,195.48,199.35,194.55
2016-11-29,189.57,4435312,195.56,196.73,189.5
2016-11-30,189.4,3544891,191.0,191.89,187.5
2016-12-01,181.88,5119105,188.25,188.53,181.0
2016-12-02,181.47,4040201,182.88,184.88,180.0
2016-12-05,186.8,4069480,182.51,188.89,182.51
2016-12-06,185.85,3389365,185.52,186.58,182.68
2016-12-07,193.15,5457071,186.15,193.4,185.0
2016-12-08,192.29,3193684,192.05,192.5,189.54
2016-12-09,192.18,2720937,190.87,193.84,190.81
2016-12-12,192.43,2436428,192.8,194.42,191.04
2016-12-13,198.15,6819322,193.18,201.28,193.0
2016-12-14,198.69,4147314,198.74,203.0,196.76
2016-12-15,197.58,3218653,198.41,200.74,197.39
2016-12-16,202.49,3795444,198.08,202.59,197.6
2016-12-19,202.73,3486937,202.49,204.45,199.84
2016-12-20,208.79,4684269,203.05,209.0,202.5
2016-12-21,207.7,5206143,208.45,212.23,207.41
2016-12-22,208.45,3108427,208.22,209.99,206.5
2016-12-23,213.34,4668263,208.0,213.45,207.71
2016-12-27,219.53,5913335,214.88,222.25,214.42
2016-12-28,219.74,3778544,221.53,223.8,217.2
2016-12-29,214.68,4043086,218.56,219.2,214.12
2016-12-30,213.69,4641288,216.3,217.5,211.68
2017-01-03,216.99,5901494,214.86,220.33,210.96
2017-01-04,226.99,11204560,214.75,228.0,214.31
2017-01-05,226.75,5908927,226.42,227.48,221.95
2017-01-06,229.01,5524153,226.93,230.31,225.45
2017-01-09,231.28,3972716,228.97,231.92,228.0
2017-01-10,229.87,3658981,232.0,232.0,226.89
2017-01-11,229.73,3649910,229.07,229.98,226.68
2017-01-12,229.59,3787547,229.06,230.7,225.58
2017-01-13,237.75,6085610,230.0,237.85,229.59
2017-01-17,235.58,4614731,236.7,239.96,234.37
2017-01-18,238.36,3767272,236.65,239.71,235.58
2017-01-19,243.76,7717244,247.25,248.68,240.75
2017-01-20,244.73,4199720,245.46,246.0,243.01
2017-01-23,248.92,6262097,245.85,250.89,245.5
2017-01-24,254.61,4958144,250.0,254.8,249.65
2017-01-25,254.47,5145301,257.31,258.46,251.8
2017-01-26,252.51,3143717,254.29,255.74,250.75
2017-01-27,252.95,3161774,251.38,253.0,248.52
2017-01-30,250.63,3798638,252.53,255.29,247.1
2017-01-31,251.93,4112013,249.24,255.89,247.7
2017-02-01,249.24,3953105,253.05,253.2,249.05
2017-02-02,251.55,2498799,248.34,252.42,247.71
2017-02-03,251.33,2185230,251.91,252.18,249.68
2017-02-06,257.77,3557600,251.0,257.82,250.63
2017-02-07,257.48,4244063,258.19,260.0,256.42
2017-02-08,262.08,3912428,257.35,263.36,256.2
2017-02-09,269.2,7812600,266.25,271.18,266.15
2017-02-10,269.23,3618336,269.79,270.95,266.11
2017-02-13,280.6,7023072,270.74,280.79,270.51
2017-02-14,280.98,7341450,279.03,287.39,278.61
2017-02-15,279.76,4943879,280.0,282.24,276.44
2017-02-16,268.95,7063860,277.6,280.0,268.5
2017-02-17,272.23,6251469,265.8,272.89,264.15
2017-02-21,277.39,5647575,275.45,281.4,274.01
2017-02-22,273.51,8537811,280.31,283.45,272.6
2017-02-23,255.99,14877090,264.0,264.66,255.56
2017-02-24,257.0,8166869,252.66,258.25,250.2
2017-02-27,246.23,11450160,248.17,248.36,242.01
2017-02-28,249.99,6073890,244.19,251.0,243.9
2017-03-01,250.02,4804963,254.18,254.85,249.11
2017-03-02,250.48,3345751,249.71,253.28,248.27
2017-03-03,251.57,2925481,250.74,251.9,249.0
2017-03-06,251.21,3353601,247.91,251.7,247.51
2017-03-07,248.59,3452587,251.92,253.89,248.32
2017-03-08,246.87,3726746,247.0,250.07,245.32
2017-03-09,244.9,3876494,247.63,248.66,243.0
2017-03-10,243.69,3062785,246.21,246.5,243.0
2017-03-13,246.17,3011280,244.82,246.85,242.78
2017-03-14,258.0,7581719,246.11,258.12,246.02
2017-03-15,255.73,5233365,257.0,261.0,254.27
2017-03-16,262.05,7127180,262.4,265.75,259.06
2017-03-17,261.5,6491018,264.0,265.33,261.2
2017-03-20,261.92,3601616,260.6,264.55,258.82
2017-03-21,250.68,6901555,262.83,264.8,250.24
2017-03-22,255.01,4056735,251.56,255.07,250.51
2017-03-23,254.78,3309844,255.39,257.67,253.3
2017-03-24,263.16,5637668,255.7,263.89,255.01
2017-03-27,270.22,6221361,260.6,270.57,259.75
2017-03-28,277.45,7978665,277.02,280.68,275.0
2017-03-29,277.38,3672526,278.34,279.6,275.54
2017-03-30,277.92,4141437,278.04,282.0,277.21
2017-03-31,278.3,3293698,278.73,279.68,276.32
2017-04-03,298.52,13864850,286.9,299.0,284.58
2017-04-04,303.7,10108230,296.89,304.81,294.53
2017-04-05,295.0,7858565,302.04,304.88,294.2
2017-04-06,298.7,5517731,296.88,301.94,294.1
2017-04-07,302.54,4566632,297.5,302.69,297.15
2017-04-10,312.39,7653623,309.15,313.73,308.71
2017-04-11,308.71,5718053,313.38,313.47,305.5
2017-04-12,296.84,6043648,306.34,308.45,296.32
2017-04-13,304.0,9275682,296.7,307.39,295.3
2017-04-17,301.44,4128067,302.7,304.0,298.68
2017-04-18,300.25,3034225,299.7,300.84,297.9
2017-04-19,305.52,3891145,302.46,306.62,302.11
2017-04-20,302.51,6145961,306.51,309.15,300.23
2017-04-21,305.6,4501958,302.0,306.4,300.42
2017-04-24,308.03,5077771,309.22,310.55,306.02
2017-04-25,313.79,6734162,308.0,313.98,305.86
2017-04-26,310.17,4683131,312.37,314.5,309.0
2017-04-27,308.63,3462663,311.69,313.09,307.5
2017-04-28,314.07,4496659,309.83,314.8,308.0
2017-05-01,322.83,8819888,314.88,327.25,314.81
2017-05-02,318.89,5316551,324.0,327.66,316.56
2017-05-03,311.02,6879259,317.67,321.53,310.45
2017-05-04,295.46,14135990,307.44,307.77,290.76
2017-05-05,308.35,8117449,298.0,308.55,296.8
2017-05-08,307.19,7002907,310.9,313.79,305.82
2017-05-09,321.26,9663374,309.38,321.99,309.1
2017-05-10,325.22,5734524,321.56,325.5,318.12
2017-05-11,323.1,4747172,323.4,326.0,319.6
2017-05-12,324.81,4118613,325.48,327.0,321.53
2017-05-15,315.88,7606854,318.38,320.2,312.53
2017-05-16,317.01,4141066,317.59,320.06,315.14
2017-05-17,306.11,6695657,314.39,314.63,305.5
2017-05-18,313.06,5609153,307.0,313.94,305.31
2017-05-19,310.83,4654580,315.5,316.5,310.2
2017-05-22,310.35,4324305,312.8,314.37,306.8
2017-05-23,303.86,4314267,310.46,310.73,303.48
2017-05-24,310.22,5035192,306.51,311.0,305.4
2017-05-25,316.83,5000432,311.02,316.97,307.81
2017-05-26,325.14,7793009,317.28,325.49,316.31
2017-05-30,335.1,7771536,326.0,336.28,325.76
2017-05-31,341.01,9937556,337.69,342.89,335.16
2017-06-01,340.37,7601764,344.0,344.88,337.29
2017-06-02,339.85,5583952,339.77,342.88,335.93
2017-06-05,347.32,6769174,338.5,348.44,334.21
2017-06-06,352.85,11031920,344.7,359.49,339.97
2017-06-07,359.65,9348692,356.34,360.5,355.14
2017-06-08,370.0,9028677,363.75,371.9,360.22
2017-06-09,357.32,17250060,374.42,376.87,354.8
2017-06-12,359.01,10507860,357.99,364.5,350.62
2017-06-13,375.95,11773370,367.62,376.0,366.61
2017-06-14,380.66,12778480,381.09,384.25,376.31
2017-06-15,375.34,10412650,372.5,375.46,366.49
2017-06-16,371.4,6347450,377.98,378.01,370.1
2017-06-19,369.8,6433434,375.0,376.7,367.8
2017-06-20,372.24,7419110,376.67,378.88,369.73
2017-06-21,376.4,4916770,374.35,376.99,368.02
2017-06-22,382.61,7510406,377.99,385.0,373.57
2017-06-23,383.45,6425180,382.45,386.99,379.35
2017-06-26,377.49,6596854,386.69,386.95,373.1
2017-06-27,362.37,6977494,376.4,376.4,362.02
2017-06-28,371.24,6290323,366.68,371.74,362.52
2017-06-29,360.75,8202463,370.61,371.0,354.1
2017-06-30,361.61,5823046,363.71,366.77,359.62
2017-07-03,352.62,6305401,370.24,371.35,351.5
2017-07-05,327.09,16998300,347.2,347.24,326.33
2017-07-06,308.83,19258040,317.26,320.79,306.3
2017-07-07,313.22,14129950,313.5,317.0,307.38
2017-07-10,316.05,13760290,312.9,317.94,303.13
2017-07-11,327.22,11526760,316.0,327.28,314.3
2017-07-12,329.52,10317240,330.4,333.1,324.5
2017-07-13,323.41,8582315,330.11,331.6,319.97
2017-07-14,327.78,5607924,323.19,328.42,321.22
2017-07-17,319.57,9827506,325.54,327.1,313.45
2017-07-18,328.24,6360710,317.5,329.13,315.66
2017-07-19,325.26,6345884,328.23,331.65,323.22
2017-07-20,329.92,5142516,326.9,330.22,324.2
2017-07-21,328.4,4871708,329.46,331.26,325.8
2017-07-24,342.52,8598292,330.24,343.4,330.01
2017-07-25,339.6,6977932,345.0,345.6,334.15
2017-07-26,343.85,4809514,340.36,345.5,338.12
2017-07-27,334.46,8285879,346.0,347.5,326.29
2017-07-28,335.07,4869891,336.89,339.6,332.51
2017-07-31,323.47,8525454,335.5,341.49,321.04
2017-08-01,319.57,8284997,323.0,324.45,316.13
2017-08-02,325.89,11942350,318.94,327.12,311.22
2017-08-03,347.09,13524270,345.33,350.0,343.15
2017-08-04,356.91,9233295,347.0,357.27,343.3
2017-08-07,355.17,6309331,357.35,359.48,352.75
2017-08-08,365.22,7431838,357.53,368.58,357.4
2017-08-09,363.53,6881182,361.0,370.0,358.95
2017-08-10,355.4,7063054,361.6,366.65,354.66
2017-08-11,357.87,4357562,356.97,361.26,353.62
2017-08-14,363.8,4507969,364.63,367.66,362.6
2017-08-15,362.33,3084601,365.2,365.49,359.37
2017-08-16,362.91,3406173,363.0,366.5,362.52
2017-08-17,351.92,5010825,361.21,363.3,351.59
2017-08-18,347.46,5390805,352.91,354.0,345.8
2017-08-21,337.86,6489850,345.82,345.82,331.85
2017-08-22,341.35,4314268,341.13,342.24,337.37
2017-08-23,352.77,4941947,338.99,353.49,338.3
2017-08-24,352.93,4571574,352.52,356.66,349.74
2017-08-25,348.05,3475186,354.24,355.69,347.3
2017-08-28,345.66,3746240,347.28,347.35,339.72
2017-08-29,347.36,4069303,339.48,349.05,338.75
2017-08-30,353.18,3404165,349.67,353.47,347.0
2017-08-31,355.9,4063330,353.55,358.44,352.82
2017-09-01,355.4,3048550,356.12,357.59,353.69
2017-09-05,349.59,3836402,353.8,355.49,345.89
2017-09-06,344.53,4082001,349.5,350.98,341.56
2017-09-07,350.61,4235045,345.98,352.48,343.45
2017-09-08,343.4,3261333,348.99,349.78,342.3
2017-09-11,363.69,7651000,351.35,363.71,350.0
2017-09-12,362.75,5966204,364.49,368.76,360.4
2017-09-13,366.23,4171185,363.82,368.07,359.59
2017-09-14,377.64,7170263,364.33,377.96,362.63
2017-09-15,379.81,5407227,374.51,380.0,372.7
2017-09-18,385.0,7177773,380.25,389.61,377.68
2017-09-19,375.1,6435208,380.0,382.39,373.57
2017-09-20,373.91,4909958,373.0,378.25,371.07
2017-09-21,366.48,4610872,374.9,376.83,364.51
2017-09-22,351.09,8142895,366.49,369.9,350.88
2017-09-25,344.99,7587158,353.15,357.47,342.88
2017-09-26,345.25,7149649,350.93,351.24,340.9
2017-09-27,340.97,6027375,349.9,351.49,340.5
2017-09-28,339.6,5309779,339.88,342.75,335.4
2017-09-29,341.1,5099051,341.86,344.68,338.6
2017-10-02,341.53,5227547,342.52,343.7,335.51
2017-10-03,348.14,10122550,335.9,348.55,331.28
2017-10-04,355.01,8147995,351.25,358.62,349.6
2017-10-05,355.33,4167913,356.0,357.44,351.35
2017-10-06,356.88,4272866,353.1,360.1,352.25
2017-10-09,342.94,7461461,349.65,351.75,342.67
2017-10-10,355.59,6972263,346.8,355.63,345.53
2017-10-11,354.6,4494733,353.89,357.6,351.15
2017-10-12,355.68,4073552,352.95,359.78,352.64
2017-10-13,355.57,3538807,356.98,358.49,353.68
2017-10-16,350.6,5373090,353.76,354.48,347.16
2017-10-17,355.75,3290290,350.91,356.22,350.07
2017-10-18,359.65,4936024,355.97,363.0,354.13
2017-10-19,351.81,5055715,355.56,357.15,348.2
2017-10-20,345.1,4925657,352.69,354.55,344.34
2017-10-23,337.02,5739598,349.88,349.95,336.25
2017-10-24,337.34,4485692,338.8,342.8,336.16
2017-10-25,325.84,8583619,336.7,337.5,323.56
2017-10-26,326.17,5010087,327.78,330.23,323.2
2017-10-27,320.87,6968365,319.75,324.59,316.66
2017-10-30,320.08,4247619,319.18,323.78,317.25
2017-10-31,331.53,5650062,320.23,331.95,320.18
2017-11-01,321.08,8242487,332.25,332.61,320.26
2017-11-02,299.26,19771280,300.13,308.69,292.63
2017-11-03,306.09,8885933,299.5,306.25,295.13
2017-11-06,302.78,6480689,307.0,307.5,299.01
2017-11-07,306.05,5284844,301.02,306.5,300.03
2017-11-08,304.39,4725355,305.5,306.89,301.3
2017-11-09,302.99,5440173,302.5,304.46,296.3
2017-11-10,302.99,4621080,302.5,308.36,301.85
2017-11-13,315.4,7565242,300.13,316.8,299.11
2017-11-14,308.7,5661904,315.0,316.35,306.9
2017-11-15,311.3,5951835,306.01,312.49,301.5
2017-11-16,312.5,5794409,313.99,318.14,311.3
2017-11-17,315.05,13720830,325.67,326.67,313.15
2017-11-20,308.74,8241821,313.79,315.5,304.75
2017-11-21,317.81,7256381,310.86,318.23,308.71
2017-11-22,312.6,4913283,316.77,317.42,311.84
2017-11-24,315.55,3244065,313.79,316.41,311.0
2017-11-27,316.81,4537779,313.25,317.34,309.51
2017-11-28,317.55,4941703,316.36,320.0,313.92
2017-11-29,307.54,8757463,317.3,318.0,301.23
2017-11-30,308.85,4345434,308.56,310.7,304.54
2017-12-01,306.53,4286082,305.44,310.32,305.05
2017-12-04,305.2,5834227,306.5,308.27,300.61
2017-12-05,303.7,4643708,302.0,308.0,301.0
2017-12-06,313.26,7184477,300.1,313.39,300.0
2017-12-07,311.24,4779590,312.0,318.63,311.05
2017-12-08,315.13,3466088,314.6,316.98,311.26
2017-12-11,328.91,7926090,314.63,329.01,313.75
2017-12-12,341.03,8715570,330.45,341.44,330.03
2017-12-13,339.03,6217701,340.93,344.22,336.5
2017-12-14,337.89,5792024,341.01,347.44,336.9
2017-12-15,343.45,6921246,342.04,343.9,335.76
2017-12-18,338.87,5466546,344.9,346.73,337.58
2017-12-19,331.1,6820868,340.26,341.49,330.3
2017-12-20,328.98,5907378,332.69,333.1,325.04
2017-12-21,331.66,4369994,329.59,333.74,327.21
2017-12-22,325.2,4207602,329.51,330.92,324.82
2017-12-26,317.29,4368699,323.83,323.94,316.58
2017-12-27,311.64,4705084,316.0,317.68,310.75
2017-12-28,315.36,4306746,311.75,315.82,309.54
2017-12-29,311.35,3769504,316.18,316.41,310.0
2018-01-02,320.53,4345615,312.0,322.11,311.0
2018-01-03,317.25,4438520,321.0,325.25,315.55
2018-01-04,314.62,9944593,312.87,318.55,305.68
2018-01-05,316.58,4588728,316.62,317.24,312.0
2018-01-08,336.41,9832610,316.0,337.02,315.5
2018-01-09,333.69,7134525,335.16,338.8,327.41
2018-01-10,334.8,4303053,332.2,337.0,330.0
2018-01-11,337.95,6640863,335.24,344.81,333.26
2018-01-12,336.22,4822509,338.63,340.41,333.67
2018-01-16,340.06,6429234,337.54,345.0,334.8
2018-01-17,347.16,7092554,340.47,349.0,339.75
2018-01-18,344.57,5679629,345.67,352.3,343.74
2018-01-19,350.02,4871181,345.0,350.59,342.6
2018-01-22,351.56,6199777,349.4,357.83,349.2
2018-01-23,352.79,5447622,360.0,360.5,351.0
2018-01-24,345.89,5277386,354.58,354.75,343.52
2018-01-25,337.64,6725208,348.27,349.2,336.4
2018-01-26,342.85,4535457,341.5,344.0,335.71
2018-01-29,349.53,4738208,339.85,350.85,338.28
2018-01-30,345.82,4710684,345.14,348.27,342.17
2018-01-31,354.31,6199373,347.51,356.19,345.19
2018-02-01,349.25,4187440,351.0,359.66,348.63
2018-02-02,343.75,3696157,348.44,351.95,340.51
2018-02-05,333.13,4441166,337.97,344.47,333.0
2018-02-06,333.97,5080032,325.21,336.22,323.5
2018-02-07,345.0,6729682,338.99,346.0,335.66
2018-02-08,315.23,10296420,343.31,348.62,314.6
2018-02-09,310.42,12924430,319.93,320.98,294.76
2018-02-12,315.73,6224479,316.13,318.08,306.25
2018-02-13,323.66,4554631,315.02,324.19,312.51
2018-02-14,322.31,3948077,320.84,326.17,318.52
2018-02-15,334.07,5909823,324.5,334.12,322.4
2018-02-16,335.49,5640184,332.5,343.12,331.64
2018-02-20,334.77,4005962,334.47,340.84,331.5
2018-02-21,333.3,3207250,336.03,339.69,333.17
2018-02-22,346.17,6961880,335.53,347.44,334.75
2018-02-23,352.05,5814177,347.83,354.99,347.1
2018-02-26,357.42,4334500,353.5,359.0,352.36
2018-02-27,350.99,4785022,356.25,359.99,350.01
2018-02-28,343.06,6066044,352.57,355.24,342.22
2018-03-01,330.93,6872552,345.01,348.67,330.07
2018-03-02,335.12,5088789,326.98,335.22,322.97
2018-03-05,333.35,3820702,332.39,337.75,329.29
2018-03-06,328.2,4236483,333.75,336.37,327.03
2018-03-07,332.3,5001940,325.44,332.5,321.74
2018-03-08,329.1,3514367,332.86,333.3,326.27
2018-03-09,327.17,5502779,324.1,328.49,322.37
2018-03-12,345.51,8252919,328.61,347.21,326.5
2018-03-13,341.84,5960636,344.92,345.12,336.26
2018-03-14,326.63,7952152,336.76,339.81,323.93
2018-03-15,325.6,6554568,329.38,332.85,321.1
2018-03-16,321.35,6113365,325.96,327.4,319.07
2018-03-19,313.56,7467890,316.5,320.75,309.67
2018-03-20,310.55,4761031,314.87,316.25,308.76
2018-03-21,316.53,5954247,310.25,322.44,310.19
2018-03-22,309.1,4924928,313.89,318.82,308.18
2018-03-23,301.54,6639960,311.25,311.61,300.45
2018-03-26,304.18,8364937,307.34,307.59,291.36
2018-03-27,279.18,13787060,304.0,304.27,277.18
2018-03-28,257.78,20962280,264.58,268.68,252.1
2018-03-29,266.13,15014440,256.49,270.96,248.21
2018-04-02,252.48,16093290,256.26,260.33,244.59
2018-04-03,267.53,18829650,269.82,273.35,254.49
2018-04-04,286.94,19880180,252.78,288.37,252.0
2018-04-05,305.72,19025860,289.34,306.26,288.2
2018-04-06,299.3,13516530,301.0,309.28,295.5
2018-04-09,289.66,10241410,300.37,309.5,289.21
2018-04-10,304.7,11017010,298.97,307.1,293.68
2018-04-11,300.93,7470204,300.74,308.98,299.66
2018-04-12,294.08,7595525,302.32,303.95,293.68
2018-04-13,300.34,7319225,303.6,303.95,295.98
2018-04-16,291.21,6289497,299.0,299.66,289.01
2018-04-17,287.69,6931152,288.87,292.17,282.51
2018-04-18,293.35,6531563,291.08,300.24,288.16
2018-04-19,300.08,6083800,291.08,301.01,288.55
2018-04-20,290.24,5622630,295.17,299.98,289.75
2018-04-23,283.37,4880743,291.29,291.62,282.33
2018-04-24,283.46,5678242,285.0,287.09,278.46
2018-04-25,280.69,4000421,283.5,285.16,277.25
2018-04-26,285.48,4348108,278.75,285.79,276.5
2018-04-27,294.08,4346854,285.37,294.47,283.83
2018-04-30,293.9,4224068,293.61,298.73,292.5
2018-05-01,299.92,4614946,293.51,300.82,293.22
2018-05-02,301.15,8346176,298.57,306.85,297.78
2018-05-03,284.45,17339090,278.79,288.04,275.23
2018-05-04,294.09,8565506,283.0,296.86,279.52
2018-05-07,302.77,8673090,297.5,305.96,295.17
2018-05-08,301.97,5927447,300.8,307.75,299.0
2018-05-09,306.85,5712255,300.41,307.01,300.05
2018-05-10,305.02,5642771,307.5,312.99,304.11
2018-05-11,301.06,4665321,307.7,308.88,299.08
2018-05-14,291.97,7265501,303.32,304.94,291.62
2018-05-15,284.18,9509753,285.01,286.96,280.5
2018-05-16,286.48,5669644,283.83,288.81,281.56
2018-05-17,284.54,4418258,285.9,289.19,283.97
2018-05-18,276.82,7243699,284.65,284.65,274.0
2018-05-21,284.49,9167844,281.33,291.49,281.3
2018-05-22,275.01,8938501,287.76,288.0,273.42
2018-05-23,279.07,5972237,277.76,279.91,274.0
2018-05-24,277.85,4170789,278.4,281.11,274.89
2018-05-25,278.85,3872621,277.63,279.64,275.61
2018-05-29,283.76,5657153,278.51,286.5,276.15
2018-05-30,291.72,7473590,283.29,295.01,281.6
2018-05-31,284.73,5912825,287.21,290.37,282.93
2018-06-01,291.82,5417984,285.86,291.95,283.84
2018-06-04,296.74,4793787,294.34,299.0,293.55
2018-06-05,291.13,5877873,297.7,297.8,286.74
2018-06-06,319.5,18742400,300.5,322.17,297.48
2018-06-07,316.09,14336110,316.15,330.0,313.58
2018-06-08,317.66,8192175,319.0,324.48,317.15
2018-06-11,332.1,13166050,322.51,334.66,322.5
2018-06-12,342.77,22256430,344.7,354.97,338.0
2018-06-13,344.78,9401467,346.71,347.2,339.8
2018-06-14,357.72,10961150,347.63,358.75,346.6
2018-06-15,358.17,10827560,353.84,364.67,351.25
2018-06-18,370.83,12025450,355.4,373.73,354.5
2018-06-19,352.55,12734840,365.16,370.0,346.25
2018-06-20,362.22,8370268,358.04,364.38,352.0
2018-06-21,347.51,7949846,362.0,366.21,346.27
2018-06-22,333.63,10253770,351.54,352.25,332.0
2018-06-25,333.01,6925089,330.12,338.47,327.5
2018-06-26,342.0,7434749,336.05,343.55,325.8
2018-06-27,344.5,8313817,345.0,350.79,339.5
2018-06-28,349.93,8388172,348.66,357.02,346.11
2018-06-29,342.95,6475903,353.33,353.86,342.41
2018-07-02,335.07,18732710,360.07,364.78,329.85
2018-07-03,310.86,12282640,331.75,332.49,309.69
2018-07-05,309.16,17457570,313.76,314.39,296.22
2018-07-06,308.9,8860198,304.96,312.07,302.0
2018-07-09,318.51,7579541,311.99,318.52,308.0
2018-07-10,322.47,9437557,324.56,327.68,319.2
2018-07-11,318.96,4878595,315.8,321.94,315.07
2018-07-12,316.71,5711851,321.43,323.23,312.77
2018-07-13,318.87,5866776,315.58,319.58,309.25
2018-07-16,310.1,7800454,311.71,315.16,306.25
2018-07-17,322.69,6987782,308.81,324.74,308.5
2018-07-18,323.85,5610085,325.0,325.5,316.25
2018-07-19,320.23,5907116,316.33,323.54,314.01
2018-07-20,313.58,5159831,321.23,323.24,311.71
2018-07-23,303.2,10974820,301.84,305.5,292.86
2018-07-24,297.43,9586186,304.42,307.72,292.55
2018-07-25,308.74,7031382,296.74,309.62,294.5
2018-07-26,306.65,4619567,304.85,310.7,303.64
2018-07-27,297.18,5694690,307.25,307.69,295.34
2018-07-30,290.17,6799581,295.9,296.1,286.13
2018-07-31,298.14,5055094,292.25,298.32,289.07
2018-08-01,300.84,8768099,297.99,303.0,293.0
2018-08-02,349.54,23159160,328.44,349.99,323.16
2018-08-03,348.17,13646640,347.81,355.0,342.53
2018-08-06,341.99,8536766,345.46,354.98,341.82
2018-08-07,379.57,30596400,343.84,387.46,339.15
2018-08-08,370.34,24535420,369.09,382.64,367.12
2018-08-09,352.45,16951800,365.55,367.01,345.73
2018-08-10,355.49,11530510,354.0,360.0,346.0
2018-08-13,356.41,10444920,361.13,363.19,349.02
2018-08-14,347.64,6948511,358.45,359.2,347.1
2018-08-15,338.69,9073033,341.91,344.49,332.14
2018-08-16,335.45,6045392,339.91,342.28,333.82
2018-08-17,305.5,18895880,323.5,326.77,303.53
2018-08-20,308.44,17380430,291.7,308.5,288.2
2018-08-21,321.9,13147770,310.61,324.79,309.0
2018-08-22,321.64,5935853,320.87,323.88,314.67
2018-08-23,320.1,5138685,319.14,327.32,318.1
2018-08-24,322.82,3592734,320.7,323.85,319.4
2018-08-27,319.27,13062650,318.0,322.44,308.81
2018-08-28,311.86,7639453,318.41,318.88,311.19
2018-08-29,305.01,7410538,310.27,311.85,303.69
2018-08-30,303.15,7210625,302.26,304.6,297.72
2018-08-31,301.66,5367048,302.0,305.31,298.6
2018-09-04,288.95,8304571,296.94,298.19,288.0
2018-09-05,280.74,7707342,285.05,286.78,277.18
2018-09-06,280.95,7472756,284.8,291.17,278.88
2018-09-07,263.24,22442310,260.1,268.35,252.25
2018-09-10,285.5,14232250,273.26,286.03,271.0
2018-09-11,279.44,9161061,279.47,282.0,273.55
2018-09-12,290.54,10002150,281.44,292.5,278.65
2018-09-13,289.46,6333281,288.02,295.0,285.18
2018-09-14,295.2,6757652,288.76,297.33,286.52
2018-09-17,294.84,6866208,290.04,300.87,288.13
2018-09-18,284.96,16494280,296.69,302.64,275.5
2018-09-19,299.02,8264353,280.51,300.0,280.5
2018-09-20,298.33,7332477,303.56,305.98,293.33
2018-09-21,299.1,5038497,297.7,300.58,295.37
2018-09-24,299.68,4834384,298.48,303.0,293.58
2018-09-25,300.99,4472287,300.0,304.6,296.5
2018-09-26,309.58,7835863,301.91,313.89,301.11
2018-09-27,307.52,7337760,312.9,314.96,306.91
2018-09-28,264.77,33597290,270.26,278.0,260.56
2018-10-01,310.7,21714210,305.77,311.44,301.05
2018-10-02,301.02,11699690,313.95,316.84,299.15
2018-10-03,294.8,7982272,303.33,304.6,291.57
2018-10-04,281.83,9638885,293.95,294.0,277.67
2018-10-05,261.95,17900710,274.65,274.88,260.0
2018-10-08,250.56,13371180,264.52,267.76,249.0
2018-10-09,262.8,12037780,255.25,266.77,253.3
2018-10-10,256.88,12781560,264.61,265.51,247.77
2018-10-11,252.23,8128184,257.53,262.25,249.03
2018-10-12,258.78,7189257,261.0,261.99,252.01
2018-10-15,259.59,6189026,259.06,263.28,254.54
2018-10-16,276.59,9501120,265.7,277.38,262.24
2018-10-17,271.78,8636949,282.4,282.7,265.8
2018-10-18,263.91,5401871,269.29,271.0,263.0
2018-10-19,260.0,9344764,267.39,269.66,253.5
2018-10-22,260.95,5594855,260.68,261.86,252.59
2018-10-23,294.14,18956210,263.87,297.93,262.1
2018-10-24,288.5,19350450,301.05,304.44,285.73
2018-10-25,314.86,20771670,317.22,321.0,301.01
2018-10-26,330.9,27380220,308.25,339.9,306.65
2018-10-29,334.85,14455150,337.47,347.16,326.5
2018-10-30,329.9,9109120,328.39,337.9,322.26
2018-10-31,337.32,7600840,332.54,342.0,329.1
2018-11-01,344.28,7980946,338.26,347.84,334.73
2018-11-02,346.41,7799920,343.74,349.2,340.91
2018-11-05,341.4,7820845,340.5,343.96,330.14
2018-11-06,341.06,6751930,339.07,348.8,336.09
2018-11-07,348.16,7366706,343.34,351.18,340.8
2018-11-08,351.4,7080203,348.5,357.58,348.44
2018-11-09,350.51,5093456,349.0,354.0,345.23
2018-11-12,331.28,6916965,348.37,349.78,330.34
2018-11-13,338.73,5422756,333.16,344.7,332.2
2018-11-14,344.0,5032083,342.7,347.11,337.15
2018-11-15,348.44,4600130,342.33,348.58,339.04
2018-11-16,354.31,7194458,345.19,355.7,345.12
2018-11-19,353.47,9698559,356.34,366.75,352.88
2018-11-20,347.49,7991253,341.75,349.8,333.55
2018-11-21,338.19,4677389,352.0,353.1,337.4
2018-11-23,325.83,4202642,334.35,337.5,325.55
2018-11-26,346.0,7973119,325.0,346.22,325.0
2018-11-27,343.92,6347004,340.05,346.96,335.5
2018-11-28,347.87,4114038,345.99,348.28,342.21
2018-11-29,341.17,3076026,347.0,347.5,339.55
2018-11-30,350.48,5621104,341.83,351.6,338.26
2018-12-03,358.49,8295843,360.0,366.0,352.0
2018-12-04,359.7,8430213,356.05,368.68,352.0
2018-12-06,363.06,7828689,356.01,367.38,350.76
2018-12-07,357.97,11484350,369.0,379.49,357.65
2018-12-10,365.15,6575341,360.0,365.98,353.12
2018-12-11,366.76,6298472,369.91,372.17,360.23
2018-12-12,366.6,5019725,369.42,371.91,365.16
2018-12-13,376.79,7348168,370.15,377.44,366.75
2018-12-14,365.71,6327625,375.0,377.87,364.33
2018-12-17,348.42,7664832,362.0,365.7,343.88
2018-12-18,337.03,7084887,350.54,351.55,333.69
2018-12-19,332.97,8256374,337.6,347.01,329.74
2018-12-20,315.38,9049389,327.05,330.29,311.87
2018-12-21,319.77,7997219,317.4,323.47,312.44
2018-12-24,295.39,5559913,313.5,314.5,295.2
2018-12-26,326.09,8143102,300.0,326.97,294.09
2018-12-27,316.13,8567385,319.84,322.17,301.5
2018-12-28,333.87,9918777,323.1,336.24,318.41
2018-12-31,332.8,6294298,337.79,339.21,325.26
2019-01-02,310.12,11611270,306.1,315.13,298.8
2019-01-03,300.36,6948577,307.0,309.4,297.38
2019-01-04,317.69,7382755,306.0,318.0,302.73
2019-01-07,334.96,7542338,321.72,336.74,317.75
2019-01-08,335.35,6994427,341.96,344.01,327.02
2019-01-09,338.53,5426618,335.5,343.5,331.47
2019-01-10,344.97,6049621,334.4,345.39,331.79
2019-01-11,347.26,5035078,342.09,348.41,338.77
2019-01-14,334.4,5232690,342.38,342.5,334.0
2019-01-15,344.43,6047890,335.0,348.8,334.5
2019-01-16,346.05,4677227,344.78,352.0,343.5
2019-01-17,347.31,3661162,346.21,351.5,344.15
2019-01-18,302.26,24079260,323.0,327.13,299.73
2019-01-22,298.92,12052130,304.82,308.0,295.5
2019-01-23,287.59,12513080,292.5,294.5,281.69
2019-01-24,291.51,7990911,283.03,293.68,279.28
2019-01-25,297.04,7102781,294.39,298.52,289.55
2019-01-28,296.38,6409477,292.91,297.46,287.75
2019-01-29,297.46,4602933,295.27,298.56,291.8
2019-01-30,308.77,10594040,300.45,309.0,298.49
2019-01-31,307.02,12545190,301.0,311.56,294.0
2019-02-01,312.21,7263618,305.42,316.1,303.5
2019-02-04,312.89,7344076,312.98,315.3,301.88
2019-02-05,321.35,6734739,312.49,322.44,312.25
2019-02-06,317.22,5031368,319.59,324.24,315.62
2019-02-07,307.51,6511830,313.3,314.7,303.0
2019-02-08,305.8,5835078,306.83,307.45,298.5
2019-02-11,312.84,7114012,311.6,318.6,310.5
2019-02-12,311.81,5485419,316.2,318.19,309.62
2019-02-13,308.17,5130398,312.35,312.75,305.57
2019-02-14,303.77,5190887,303.38,306.77,301.0
2019-02-15,307.88,3895815,304.5,308.0,303.9
2019-02-19,305.64,4120520,306.56,311.54,305.47
2019-02-20,302.56,7132969,304.41,306.3,299.0
2019-02-21,291.23,8880830,301.81,303.24,290.5
2019-02-22,294.71,5731380,294.49,296.5,292.1
2019-02-25,298.77,6213701,297.91,302.9,297.0
2019-02-26,297.86,8571609,292.22,302.01,288.77
2019-02-27,314.74,11144100,301.78,316.3,300.55
2019-02-28,319.88,9666224,318.92,320.0,310.81
2019-03-01,294.79,22848750,306.94,307.13,291.9
2019-03-04,285.36,17068890,298.12,299.0,282.78
2019-03-05,276.54,18729800,282.0,284.0,270.1
2019-03-06,276.24,10319370,276.48,281.51,274.39
2019-03-07,276.59,9410697,278.84,284.7,274.25
2019-03-08,284.14,8805772,276.91,285.59,275.89
2019-03-11,290.92,7372298,283.52,291.28,280.5
2019-03-12,283.36,7488037,286.49,288.07,281.06
2019-03-13,288.96,6817854,283.9,291.99,282.7
2019-03-14,289.96,7048138,292.45,295.39,288.29
2019-03-15,275.43,14757360,283.51,283.72,274.4
2019-03-18,269.49,10264960,276.0,278.05,267.3
2019-03-19,267.47,11774330,267.5,273.3,263.46
2019-03-20,273.6,6881976,269.69,274.97,266.3
2019-03-21,274.02,5930925,272.6,276.45,268.45
2019-03-22,264.53,8721950,272.58,272.8,264.0
2019-03-25,260.42,10205080,259.71,263.18,254.46
2019-03-26,267.77,7341868,264.44,270.26,264.43
2019-03-27,274.83,8752384,268.75,275.37,268.18
2019-03-28,278.62,6764921,277.16,280.33,275.1
2019-03-29,279.86,5980355,278.7,280.16,274.5
2019-04-01,289.18,8093134,282.62,289.2,281.28
2019-04-02,285.88,5427184,288.3,289.44,283.88
2019-04-03,291.81,7916650,287.32,296.17,287.17
2019-04-04,267.78,23680170,261.89,271.2,260.59
2019-04-05,274.96,13022740,269.86,276.1,266.11
2019-04-08,273.2,10364600,277.69,281.16,270.44
2019-04-09,272.31,5893247,271.65,275.0,269.61
2019-04-10,276.06,7045034,276.74,278.38,272.89
2019-04-11,268.42,9781294,268.3,270.5,265.6
2019-04-12,267.7,6735386,270.22,271.95,266.83
2019-04-15,266.38,10032490,268.63,268.88,258.63
2019-04-16,273.36,7266504,265.75,275.0,264.72
2019-04-17,271.23,5118011,274.75,274.79,268.54
2019-04-18,273.26,5861478,271.23,274.84,269.75
2019-04-22,262.75,12101690,269.0,269.68,262.48
2019-04-23,263.9,10909350,260.15,265.6,255.75
2019-04-24,258.66,9657061,263.85,265.32,258.0
2019-04-25,247.63,21823380,255.0,259.0,246.07
2019-04-26,235.14,22151160,246.5,246.68,231.13
2019-04-29,241.47,16686620,235.86,243.98,232.17
2019-04-30,238.69,9446965,242.06,244.21,237.0
2019-05-01,234.01,10704350,238.85,240.0,231.5
2019-05-02,244.1,18159340,245.52,247.13,237.72
2019-05-03,255.03,23706770,243.86,256.61,243.49
2019-05-06,255.34,10833940,250.02,258.35,248.5
2019-05-07,247.06,10131410,256.8,257.21,245.1
2019-05-08,244.84,6176440,246.94,250.6,244.2
2019-05-09,241.98,6711382,242.0,243.68,236.94
2019-05-10,239.52,7008336,239.75,241.99,236.02
2019-05-13,227.01,10834800,232.01,232.47,224.5
2019-05-14,232.31,7252412,229.3,234.5,228.0
2019-05-15,231.95,7295976,229.32,232.44,225.25
2019-05-16,228.33,7483273,229.49,231.0,226.5
2019-05-17,211.03,17786670,221.96,222.24,208.92
2019-05-20,205.36,20526200,202.8,206.0,195.25
2019-05-21,205.08,18003900,197.76,207.4,196.04
2019-05-22,192.73,18685190,199.1,203.94,191.78
2019-05-23,195.49,26547140,194.34,199.47,186.22
2019-05-24,190.63,14136570,199.83,199.98,188.75
2019-05-28,188.7,10312900,191.2,195.0,187.85
2019-05-29,189.86,11968640,187.1,192.39,185.04
2019-05-30,188.22,7926475,188.75,192.26,187.02
2019-05-31,185.16,10406730,185.1,189.92,184.1
2019-06-03,178.97,13064410,185.51,186.68,176.99
2019-06-04,193.6,13807520,181.1,193.98,179.61
2019-06-05,196.59,13510760,198.68,201.28,191.85
2019-06-06,205.95,20242150,204.44,211.0,201.8
2019-06-07,204.5,16003530,205.0,210.84,203.5
2019-06-10,212.88,10585040,210.25,216.94,209.01
2019-06-11,217.1,11653540,219.14,220.9,213.5
2019-06-12,209.26,15197540,222.95,223.38,209.0
2019-06-13,213.91,8168260,210.38,214.9,207.51
2019-06-14,214.92,7433402,211.25,216.65,210.4
2019-06-17,225.03,12316800,215.48,227.0,214.27
2019-06-18,224.74,12715790,228.72,234.74,222.56
2019-06-19,226.43,6575135,225.11,227.77,221.06
2019-06-20,219.62,11863460,223.0,226.9,216.35
2019-06-21,221.86,8202078,216.22,222.18,215.5
2019-06-24,223.64,5750771,223.24,225.86,221.02
2019-06-25,219.76,6182071,224.39,225.34,219.49
2019-06-26,219.27,8507208,220.31,227.23,218.1
2019-06-27,222.84,6339710,219.45,222.9,217.35
2019-06-28,223.46,6851384,220.99,225.17,220.8
2019-07-01,227.17,8237964,230.21,233.1,226.28
2019-07-02,224.55,9259027,228.89,229.15,222.22
2019-07-03,234.9,14201150,239.39,241.57,234.51
2019-07-05,233.1,7065738,234.57,235.45,230.8
2019-07-08,230.34,5880542,231.24,232.25,228.66
2019-07-09,230.06,6190835,228.97,231.0,227.28
2019-07-10,238.92,9145736,234.15,238.94,233.14
2019-07-11,238.6,7514430,238.14,241.5,235.8
2019-07-12,245.08,9200521,239.75,245.38,239.71
2019-07-15,253.5,11000090,248.0,254.42,244.86
2019-07-16,252.38,8148989,249.3,253.53,247.93
2019-07-17,254.86,9764727,255.67,258.31,253.35
2019-07-18,253.54,4764483,255.05,255.75,251.89
2019-07-19,258.18,7048410,255.69,259.96,254.62
2019-07-22,255.68,6846273,258.75,262.16,254.19
2019-07-23,260.17,5023121,256.71,260.48,254.5
2019-07-24,264.88,11072840,259.17,266.07,258.16
2019-07-25,228.82,22418250,233.5,234.5,225.55
2019-07-26,228.04,10027700,226.92,230.26,222.25
2019-07-29,235.77,9273331,227.09,235.94,226.03
2019-07-30,242.26,8109014,232.9,243.36,232.18
2019-07-31,241.61,9178208,243.0,246.68,236.65
2019-08-01,233.85,8259516,242.65,244.51,231.77
2019-08-02,234.34,6136481,231.35,236.27,229.23
2019-08-05,228.32,7028279,229.6,231.37,225.78
2019-08-06,230.75,5564200,231.88,232.5,225.75
2019-08-07,233.42,4776500,226.5,233.57,225.8
2019-08-08,238.3,5274349,234.45,239.8,232.65
2019-08-09,235.01,3898244,236.05,238.96,233.81
2019-08-12,229.01,4663937,232.99,235.77,228.75
2019-08-13,235.0,4868998,228.81,236.0,227.55
2019-08-14,219.62,9562591,231.21,231.5,216.69
2019-08-15,215.64,8231952,220.86,221.56,211.55
2019-08-16,219.94,5207376,216.66,222.24,216.02
2019-08-19,226.83,5311748,224.21,227.83,221.7
2019-08-20,225.86,4170527,227.62,229.09,224.54
2019-08-21,220.83,7799744,222.01,223.22,217.6
2019-08-22,222.15,6564964,222.8,225.4,218.22
2019-08-23,211.4,8559704,219.97,221.17,211.0
2019-08-26,215.0,5054414,213.6,215.02,211.54
2019-08-27,214.08,5420727,215.74,218.8,212.03
2019-08-28,215.59,3238625,213.69,217.25,212.31
2019-08-29,221.71,5183104,219.0,223.4,218.0
2019-08-30,225.61,9327775,229.15,232.44,224.21
2019-09-03,225.01,5360546,224.08,228.95,223.16
2019-09-04,220.68,5768696,226.89,228.46,219.21
2019-09-05,229.58,7403322,222.5,229.8,220.85
2019-09-06,227.45,4189372,227.2,229.64,225.17
2019-09-09,231.79,4802669,230.0,233.76,229.23
2019-09-10,235.54,4883714,230.8,235.54,228.94
2019-09-11,247.1,10042780,237.38,248.17,236.0
2019-09-12,245.87,8581210,247.7,253.5,244.4
2019-09-13,245.2,5313145,246.96,248.45,244.87
2019-09-16,242.81,4728096,246.0,247.43,241.17
2019-09-17,244.79,3946909,242.47,245.6,240.37
2019-09-18,243.49,4228103,245.0,248.17,242.37
2019-09-19,246.6,4883135,246.0,247.94,244.84
2019-09-20,240.62,6506264,246.49,246.95,238.16
2019-09-23,241.23,4391630,240.0,245.18,239.22
2019-09-24,223.21,12941110,241.52,241.99,222.61
2019-09-25,228.7,9444286,224.56,228.98,218.36
2019-09-26,242.56,12078790,230.66,243.31,227.4
2019-09-27,242.13,11123180,242.2,248.71,238.73
2019-09-30,240.87,5946161,243.0,243.98,236.11
2019-10-01,244.69,6196290,241.5,245.95,239.13
2019-10-02,243.13,6256548,243.29,244.65,239.43
2019-10-03,233.03,15137760,231.86,234.48,224.28
2019-10-04,231.43,8021180,231.61,234.78,228.07
2019-10-07,237.72,8086957,229.8,238.56,228.55
2019-10-08,240.05,8702338,235.87,243.94,234.5
2019-10-09,244.53,6935033,241.32,247.3,240.65
2019-10-10,244.74,6313417,245.28,249.28,241.58
2019-10-11,247.89,8488159,247.15,251.08,246.81
2019-10-14,256.96,10226860,247.9,258.55,247.13
2019-10-15,257.89,6479456,257.7,260.0,254.12
2019-10-16,259.75,6704303,257.39,262.1,256.92
2019-10-17,261.97,4779043,262.5,264.78,260.17
2019-10-18,256.95,5753666,260.7,262.8,255.1
2019-10-21,253.5,5108101,258.33,259.5,250.18
2019-10-22,255.58,4625095,254.32,258.33,250.85
2019-10-23,254.68,11216180,254.5,256.14,251.35
2019-10-24,299.68,29819230,298.37,304.93,289.2
2019-10-25,328.13,30006090,297.72,330.0,296.11
2019-10-28,327.71,18870290,327.54,340.84,322.6
2019-10-29,316.22,12684270,319.99,324.3,314.75
2019-10-30,315.01,9641810,313.0,318.79,309.97
2019-10-31,314.92,5066956,313.1,319.0,313.0
2019-11-01,313.31,6383929,316.32,316.48,309.8
2019-11-04,317.47,8787040,314.8,321.94,309.26
2019-11-05,317.22,6943417,319.62,323.51,316.12
2019-11-06,326.58,7940932,318.0,326.72,314.5
2019-11-07,335.54,14467350,329.14,341.5,328.02
2019-11-08,337.14,6074221,334.5,337.46,332.5
2019-11-11,345.09,9993689,343.95,349.19,342.0
2019-11-12,349.93,7359383,346.9,350.37,344.04
2019-11-13,346.11,8467863,355.0,356.33,345.18
2019-11-14,349.35,6471703,346.11,353.84,342.91
2019-11-15,352.17,4812563,350.64,352.8,348.36
2019-11-18,349.99,4408505,352.92,353.15,346.1
2019-11-19,359.52,7736078,351.75,359.99,347.8
2019-11-20,352.22,6733965,360.0,361.2,349.57
2019-11-21,354.83,6110013,354.51,360.84,354.0
2019-11-22,333.04,16870640,340.16,341.0,330.0
2019-11-25,336.34,12345770,344.32,344.57,334.46
2019-11-26,328.92,7956239,335.27,335.5,327.1
2019-11-27,331.29,5563459,331.12,333.93,328.57
2019-11-29,329.94,2465629,331.11,331.26,327.5
2019-12-02,334.87,6081986,329.4,336.38,328.69
2019-12-03,336.2,6613476,332.62,337.91,332.19
2019-12-04,333.03,5536255,337.75,337.86,332.85
2019-12-05,330.37,3736976,332.83,334.42,327.25
2019-12-06,335.89,7618937,335.0,338.86,334.77
2019-12-09,339.53,9040217,336.59,344.45,335.08
2019-12-10,348.84,8839951,339.96,350.73,339.31
2019-12-11,352.7,6919162,351.88,357.19,351.09
2019-12-12,359.68,7776211,354.92,362.74,353.23
2019-12-13,358.39,6574281,361.05,365.21,354.64
2019-12-16,381.5,18220940,362.55,383.61,362.5
2019-12-17,378.99,8503775,378.99,385.5,375.9
2019-12-18,393.15,14136390,380.63,395.22,380.58
2019-12-19,404.04,18120310,397.32,406.85,396.5
2019-12-20,405.59,14785210,410.29,413.0,400.19
2019-12-23,419.22,13332820,411.78,422.01,410.0
2019-12-24,425.25,8054720,418.36,425.47,412.69
2019-12-26,430.94,10648290,427.91,433.48,426.35
2019-12-27,430.38,9956827,435.0,435.31,426.11
2019-12-30,414.7,12601270,428.79,429.0,409.26
2019-12-31,418.33,10292460,405.0,421.29,402.08
2020-01-02,430.26,9558386,424.5,430.7,421.71
2020-01-03,443.01,17794700,440.5,454.0,436.92
2020-01-06,451.54,10157500,440.47,451.56,440.0
2020-01-07,469.06,18209140,461.4,471.63,453.36
2020-01-08,492.14,31199390,473.7,498.49,468.23
2020-01-09,481.34,28463190,497.1,498.8,472.87
2020-01-10,478.15,12976830,481.79,484.94,473.7
2020-01-13,524.86,26634550,493.5,525.63,492.0
2020-01-14,537.92,29061380,544.26,547.41,524.9
2020-01-15,518.5,17368830,529.76,537.84,516.79
2020-01-16,513.49,21736650,493.75,514.46,492.17
2020-01-17,510.5,13629070,507.61,515.67,503.16
